customer_id,economic_index,inflation_rate,market_risk_score
CUST0001,106.89,6.73,0.25
CUST0002,99.52,4.35,0.483
CUST0003,113.02,6.34,0.713
CUST0004,81.26,7.02,0.917
CUST0005,112.32,6.27,0.508
CUST0006,102.62,7.52,0.252
CUST0007,91.9,3.99,0.707
CUST0008,81.87,7.74,0.673
CUST0009,119.63,6.52,0.634
CUST0010,80.27,7.66,0.769
CUST0011,110.79,4.04,0.56
CUST0012,109.87,5.67,0.906
CUST0013,95.1,3.3,0.784
CUST0014,99.77,4.12,0.353
CUST0015,117.16,7.55,0.545
CUST0016,95.82,5.87,0.296
CUST0017,118.96,3.12,0.946
CUST0018,100.98,5.35,0.739
CUST0019,83.74,4.14,0.501
CUST0020,112.53,6.16,0.142
CUST0021,88.47,5.57,0.654
CUST0022,102.17,4.75,0.666
CUST0023,91.69,4.32,0.398
CUST0024,112.65,4.84,0.884
CUST0025,113.12,3.96,0.736
CUST0026,88.86,3.67,0.84
CUST0027,105.79,5.73,0.411
CUST0028,83.81,7.25,0.665
CUST0029,96.47,3.67,0.701
CUST0030,83.87,3.14,0.245
CUST0031,85.76,6.77,0.276
CUST0032,88.49,6.73,0.469
CUST0033,99.07,7.33,0.833
CUST0034,83.1,6.88,0.971
CUST0035,89.4,3.13,0.716
CUST0036,80.26,4.2,0.889
CUST0037,115.95,4.27,0.608
CUST0038,102.09,3.45,0.432
CUST0039,86.7,7.01,0.891
CUST0040,117.16,7.35,0.25
CUST0041,101.68,5.52,0.431
CUST0042,81.67,5.66,0.934
CUST0043,101.0,4.04,0.85
CUST0044,105.61,4.65,0.543
CUST0045,112.03,6.13,0.583
CUST0046,113.4,4.88,0.131
CUST0047,90.11,6.65,0.721
CUST0048,118.73,4.26,0.857
CUST0049,98.65,4.26,0.741
CUST0050,90.56,6.78,0.675
CUST0051,101.98,6.87,0.822
CUST0052,95.09,3.16,0.318
CUST0053,88.15,7.2,0.904
CUST0054,116.62,6.23,0.681
CUST0055,117.57,5.83,0.35
CUST0056,113.5,4.55,0.694
CUST0057,97.31,3.43,0.704
CUST0058,108.64,3.21,0.411
CUST0059,114.05,5.35,0.855
CUST0060,83.16,7.2,0.874
CUST0061,96.4,4.04,0.937
CUST0062,105.66,3.83,0.522
CUST0063,119.06,5.37,0.245
CUST0064,108.21,5.09,0.848
CUST0065,105.46,7.33,0.536
CUST0066,88.22,3.36,0.643
CUST0067,91.72,4.04,0.987
CUST0068,86.4,5.97,0.314
CUST0069,92.16,4.26,0.637
CUST0070,108.74,7.88,0.86
CUST0071,118.32,7.51,0.826
CUST0072,80.63,5.37,0.599
CUST0073,92.5,7.49,0.872
CUST0074,81.96,5.12,0.376
CUST0075,114.99,5.05,0.535
CUST0076,107.75,3.85,0.807
CUST0077,113.06,4.84,0.45
CUST0078,116.73,6.57,0.252
CUST0079,86.12,3.04,0.256
CUST0080,98.8,7.3,0.868
CUST0081,101.85,5.57,0.332
CUST0082,100.65,5.5,0.652
CUST0083,108.82,5.98,0.447
CUST0084,112.9,7.68,0.379
CUST0085,89.41,5.08,0.84
CUST0086,84.22,4.22,0.959
CUST0087,104.56,3.91,0.727
CUST0088,89.75,4.95,0.944
CUST0089,113.08,6.47,0.211
CUST0090,98.62,3.75,0.492
CUST0091,107.64,6.14,0.976
CUST0092,94.19,3.55,0.168
CUST0093,84.14,4.99,0.702
CUST0094,91.96,4.88,0.188
CUST0095,86.53,6.02,0.585
CUST0096,89.31,6.42,0.972
CUST0097,101.78,7.03,0.315
CUST0098,94.2,6.9,0.642
CUST0099,109.79,7.36,0.306
CUST0100,105.93,4.8,0.702
CUST0101,110.8,6.92,0.384
CUST0102,111.61,4.28,0.565
CUST0103,101.06,7.05,0.868
CUST0104,90.25,4.2,0.121
CUST0105,119.81,6.96,0.981
CUST0106,84.26,7.22,0.143
CUST0107,96.6,3.65,0.923
CUST0108,86.18,3.61,0.257
CUST0109,100.28,5.0,0.291
CUST0110,112.28,4.5,0.68
CUST0111,98.99,7.65,0.467
CUST0112,97.37,7.81,0.814
CUST0113,93.27,5.05,0.709
CUST0114,83.07,7.37,0.682
CUST0115,108.97,7.19,0.606
CUST0116,110.05,7.8,0.405
CUST0117,104.6,3.38,0.482
CUST0118,116.09,4.42,0.232
CUST0119,85.33,5.84,0.141
CUST0120,88.03,7.37,0.312
CUST0121,113.93,3.52,0.986
CUST0122,106.44,4.55,0.705
CUST0123,100.66,3.27,0.652
CUST0124,110.9,4.55,0.426
CUST0125,111.06,5.77,0.599
CUST0126,102.19,7.41,0.682
CUST0127,107.58,5.42,0.213
CUST0128,89.97,5.5,0.908
CUST0129,108.13,7.82,0.613
CUST0130,95.98,4.7,0.109
CUST0131,104.72,6.25,0.297
CUST0132,104.03,4.63,0.495
CUST0133,104.43,4.28,0.823
CUST0134,108.12,4.63,0.376
CUST0135,83.08,4.47,0.994
CUST0136,88.47,4.23,0.119
CUST0137,91.94,3.42,0.245
CUST0138,118.64,4.45,0.254
CUST0139,106.3,3.25,0.119
CUST0140,86.96,4.83,0.309
CUST0141,107.27,4.87,0.614
CUST0142,113.64,5.34,0.286
CUST0143,116.0,7.33,0.489
CUST0144,88.32,7.01,0.563
CUST0145,117.9,4.62,0.52
CUST0146,89.27,6.55,0.99
CUST0147,86.15,5.74,0.136
CUST0148,105.23,7.72,0.618
CUST0149,81.46,7.97,0.23
CUST0150,111.84,7.59,0.35
CUST0151,85.71,3.23,0.57
CUST0152,83.46,7.53,0.173
CUST0153,112.76,6.25,0.493
CUST0154,118.53,6.67,0.998
CUST0155,110.44,5.76,0.416
CUST0156,112.78,7.16,0.33
CUST0157,117.48,7.76,0.56
CUST0158,96.55,5.61,0.867
CUST0159,92.76,3.12,0.745
CUST0160,108.29,3.19,0.504
CUST0161,105.11,5.51,0.185
CUST0162,107.4,7.06,0.567
CUST0163,108.53,6.66,0.237
CUST0164,108.6,3.66,0.912
CUST0165,88.88,3.74,0.94
CUST0166,83.33,6.0,0.357
CUST0167,100.02,3.64,0.961
CUST0168,117.6,3.27,0.375
CUST0169,109.38,4.76,0.785
CUST0170,86.58,3.77,0.341
CUST0171,82.66,7.26,0.494
CUST0172,103.32,4.07,0.372
CUST0173,103.33,3.88,0.774
CUST0174,106.97,6.66,0.128
CUST0175,89.69,4.5,0.731
CUST0176,97.96,4.68,0.259
CUST0177,107.96,5.76,0.685
CUST0178,86.34,3.47,0.714
CUST0179,87.49,6.01,0.794
CUST0180,97.55,7.59,0.522
CUST0181,90.02,3.82,0.135
CUST0182,116.78,7.72,0.411
CUST0183,87.6,3.92,0.289
CUST0184,95.99,5.89,0.927
CUST0185,112.7,6.21,0.914
CUST0186,81.54,7.41,0.659
CUST0187,106.72,4.9,0.802
CUST0188,80.56,7.86,0.292
CUST0189,117.13,5.57,0.263
CUST0190,84.57,7.93,0.321
CUST0191,86.07,7.14,0.102
CUST0192,104.35,5.31,0.817
CUST0193,113.89,6.44,0.368
CUST0194,97.45,3.36,0.551
CUST0195,98.62,6.65,0.246
CUST0196,113.45,3.83,0.964
CUST0197,100.39,6.87,0.451
CUST0198,98.43,3.67,0.458
CUST0199,91.75,3.45,0.622
CUST0200,94.5,5.77,0.445
CUST0201,93.12,5.41,0.75
CUST0202,102.75,6.02,0.845
CUST0203,111.28,7.08,0.114
CUST0204,108.88,6.89,0.93
CUST0205,107.15,5.9,0.985
CUST0206,117.14,3.86,0.535
CUST0207,114.68,3.91,0.248
CUST0208,116.99,4.36,0.739
CUST0209,81.68,5.58,0.425
CUST0210,95.75,5.49,0.562
CUST0211,103.34,3.87,0.569
CUST0212,98.47,6.78,0.854
CUST0213,107.17,7.58,0.203
CUST0214,119.5,5.42,0.382
CUST0215,86.14,5.96,0.533
CUST0216,93.33,6.97,0.463
CUST0217,118.13,7.21,0.306
CUST0218,97.07,4.16,0.984
CUST0219,96.68,4.34,0.733
CUST0220,114.85,4.5,0.909
CUST0221,81.67,4.96,0.622
CUST0222,84.78,6.35,0.314
CUST0223,85.07,6.33,0.67
CUST0224,119.58,5.64,0.75
CUST0225,83.58,4.73,0.674
CUST0226,96.1,5.9,0.775
CUST0227,115.65,4.29,0.125
CUST0228,95.37,6.42,0.928
CUST0229,80.95,6.84,0.127
CUST0230,96.78,4.45,0.335
CUST0231,83.35,7.52,0.356
CUST0232,103.64,7.67,0.704
CUST0233,98.7,7.75,0.404
CUST0234,94.25,6.82,0.498
CUST0235,113.97,4.37,0.667
CUST0236,116.41,3.09,0.898
CUST0237,99.81,3.55,0.185
CUST0238,97.9,7.27,0.736
CUST0239,116.7,3.43,0.233
CUST0240,115.14,7.83,0.694
CUST0241,113.87,6.42,0.339
CUST0242,105.78,6.59,0.49
CUST0243,101.27,5.66,0.221
CUST0244,118.59,5.77,0.495
CUST0245,91.69,5.62,0.842
CUST0246,92.24,7.59,0.635
CUST0247,84.06,3.13,1.0
CUST0248,96.13,7.79,0.12
CUST0249,100.74,7.15,0.444
CUST0250,84.16,3.4,0.35
CUST0251,93.38,6.11,0.163
CUST0252,96.9,5.73,0.682
CUST0253,119.58,4.88,0.974
CUST0254,119.08,7.73,0.808
CUST0255,84.63,5.21,0.87
CUST0256,96.47,3.75,0.971
CUST0257,111.43,6.22,0.657
CUST0258,104.57,6.25,0.975
CUST0259,108.22,3.61,0.683
CUST0260,114.31,3.11,0.287
CUST0261,94.25,4.44,0.592
CUST0262,108.01,6.98,0.53
CUST0263,105.59,7.74,0.567
CUST0264,82.63,7.26,0.984
CUST0265,106.59,3.8,0.835
CUST0266,82.04,6.97,0.236
CUST0267,89.19,5.89,0.154
CUST0268,84.41,4.34,0.852
CUST0269,89.27,7.73,0.727
CUST0270,118.03,3.82,0.884
CUST0271,114.43,5.36,0.509
CUST0272,91.71,4.39,0.468
CUST0273,118.14,4.3,0.107
CUST0274,84.85,7.52,0.604
CUST0275,87.22,7.31,0.244
CUST0276,98.18,5.76,0.576
CUST0277,82.19,3.75,0.599
CUST0278,96.44,4.5,0.367
CUST0279,102.8,3.39,0.418
CUST0280,111.15,7.05,0.609
CUST0281,110.6,3.47,0.738
CUST0282,119.97,7.65,0.8
CUST0283,101.16,5.25,0.981
CUST0284,113.27,5.98,0.494
CUST0285,108.93,3.38,0.512
CUST0286,110.75,7.36,0.178
CUST0287,91.73,5.26,0.417
CUST0288,102.65,5.63,0.525
CUST0289,112.33,5.02,0.837
CUST0290,101.81,7.12,0.166
CUST0291,114.2,7.06,0.238
CUST0292,100.16,7.84,0.14
CUST0293,90.07,3.46,0.511
CUST0294,84.46,6.53,0.27
CUST0295,90.31,5.9,0.893
CUST0296,104.72,3.29,0.725
CUST0297,98.42,3.63,0.961
CUST0298,109.62,6.15,0.821
CUST0299,95.08,6.41,0.452
CUST0300,110.81,7.6,0.123
CUST0301,92.84,4.5,0.476
CUST0302,119.06,6.6,0.401
CUST0303,91.95,6.32,0.578
CUST0304,114.55,4.58,0.513
CUST0305,97.19,5.91,0.515
CUST0306,89.8,4.93,0.402
CUST0307,118.31,4.18,0.797
CUST0308,95.67,7.49,0.677
CUST0309,108.79,7.88,0.457
CUST0310,86.64,6.68,0.313
CUST0311,118.57,7.08,0.86
CUST0312,85.55,6.2,0.242
CUST0313,115.02,7.13,0.994
CUST0314,80.59,5.8,0.996
CUST0315,92.67,3.38,0.411
CUST0316,99.04,7.06,0.226
CUST0317,108.67,6.46,0.331
CUST0318,107.92,6.7,0.571
CUST0319,91.08,4.74,0.629
CUST0320,82.99,4.95,0.676
CUST0321,83.89,5.17,0.505
CUST0322,80.0,4.91,0.344
CUST0323,110.58,6.53,0.743
CUST0324,85.43,6.35,0.488
CUST0325,112.58,7.8,0.376
CUST0326,91.08,4.68,0.906
CUST0327,87.02,5.62,0.127
CUST0328,98.56,4.11,0.685
CUST0329,109.51,7.72,0.906
CUST0330,113.87,6.88,0.548
CUST0331,100.84,5.53,0.374
CUST0332,91.6,3.51,0.644
CUST0333,96.97,3.37,0.336
CUST0334,118.19,3.48,0.674
CUST0335,112.06,4.29,0.312
CUST0336,95.29,6.0,0.601
CUST0337,107.84,7.2,0.103
CUST0338,97.03,5.62,0.931
CUST0339,111.17,3.94,0.779
CUST0340,91.43,5.08,0.405
CUST0341,96.6,6.66,0.843
CUST0342,104.79,7.02,0.316
CUST0343,86.17,3.76,0.982
CUST0344,109.16,4.62,0.217
CUST0345,106.66,6.16,0.219
CUST0346,119.45,5.52,0.669
CUST0347,108.88,3.73,0.56
CUST0348,104.96,4.22,0.404
CUST0349,103.5,3.41,0.454
CUST0350,106.05,6.7,0.964
CUST0351,118.34,4.37,0.147
CUST0352,84.4,5.87,0.578
CUST0353,115.52,5.92,0.314
CUST0354,92.87,7.14,0.596
CUST0355,80.18,5.81,0.781
CUST0356,89.39,6.69,0.774
CUST0357,101.03,3.63,0.115
CUST0358,102.14,6.72,0.505
CUST0359,101.89,6.07,0.351
CUST0360,103.63,3.71,0.311
CUST0361,81.29,7.35,0.217
CUST0362,119.97,3.1,0.22
CUST0363,97.06,3.15,0.177
CUST0364,86.38,5.26,0.934
CUST0365,88.92,4.17,0.671
CUST0366,108.87,6.16,0.155
CUST0367,93.33,4.28,0.879
CUST0368,102.51,3.93,0.632
CUST0369,118.12,7.59,0.825
CUST0370,98.61,7.2,0.119
CUST0371,102.41,4.79,0.446
CUST0372,92.41,4.27,0.358
CUST0373,109.12,5.5,0.285
CUST0374,108.83,4.25,0.619
CUST0375,95.75,3.24,0.779
CUST0376,95.08,6.73,0.879
CUST0377,106.99,5.67,0.651
CUST0378,106.98,6.49,0.389
CUST0379,113.9,3.21,0.697
CUST0380,118.79,3.19,0.816
CUST0381,91.89,3.08,0.249
CUST0382,93.61,5.33,0.925
CUST0383,94.5,5.49,0.548
CUST0384,102.95,7.27,0.516
CUST0385,91.51,4.06,0.673
CUST0386,103.82,6.88,0.806
CUST0387,101.25,7.79,0.437
CUST0388,87.73,3.29,0.226
CUST0389,111.07,5.51,0.631
CUST0390,110.66,6.23,0.565
CUST0391,83.7,6.54,0.189
CUST0392,103.61,4.45,0.727
CUST0393,105.52,3.26,0.737
CUST0394,84.01,6.77,0.331
CUST0395,88.73,6.34,0.359
CUST0396,109.24,6.72,0.806
CUST0397,89.22,4.12,0.691
CUST0398,87.64,4.52,0.862
CUST0399,83.97,3.85,0.581
CUST0400,101.11,5.63,0.75
CUST0401,119.76,3.36,0.335
CUST0402,99.28,6.33,0.693
CUST0403,111.8,4.04,0.163
CUST0404,113.24,7.89,0.542
CUST0405,100.71,4.5,0.942
CUST0406,86.48,7.01,0.35
CUST0407,85.86,3.02,0.121
CUST0408,109.29,7.79,0.317
CUST0409,111.37,3.24,0.834
CUST0410,96.84,7.46,0.593
CUST0411,101.73,5.31,0.733
CUST0412,98.43,7.02,0.148
CUST0413,96.8,7.64,0.213
CUST0414,113.07,6.8,0.311
CUST0415,95.86,5.43,0.466
CUST0416,107.05,5.25,0.77
CUST0417,82.34,7.24,0.982
CUST0418,84.98,7.87,0.743
CUST0419,89.23,5.75,0.147
CUST0420,104.12,3.46,0.916
CUST0421,96.4,6.41,0.491
CUST0422,108.99,5.19,0.465
CUST0423,89.5,3.57,0.661
CUST0424,118.77,7.45,0.622
CUST0425,104.01,4.68,0.693
CUST0426,115.82,6.33,0.59
CUST0427,85.09,3.56,0.152
CUST0428,89.85,7.8,0.593
CUST0429,99.12,6.73,0.902
CUST0430,103.42,4.16,0.296
CUST0431,106.53,5.67,0.617
CUST0432,80.62,5.21,0.626
CUST0433,112.94,6.19,0.361
CUST0434,110.15,7.99,0.185
CUST0435,119.32,7.59,0.977
CUST0436,90.23,5.19,0.189
CUST0437,107.19,6.77,0.296
CUST0438,107.47,6.47,0.18
CUST0439,100.12,7.1,0.169
CUST0440,85.12,4.28,0.592
CUST0441,90.39,3.87,0.948
CUST0442,119.93,6.36,0.118
CUST0443,117.86,5.06,0.887
CUST0444,109.88,5.61,0.46
CUST0445,107.4,3.2,0.181
CUST0446,115.6,3.05,0.106
CUST0447,90.58,3.05,0.604
CUST0448,85.84,7.49,0.198
CUST0449,85.34,5.6,0.122
CUST0450,99.53,6.19,0.37
CUST0451,118.22,6.58,0.958
CUST0452,99.46,7.61,0.346
CUST0453,111.81,6.36,0.394
CUST0454,112.55,5.86,0.484
CUST0455,92.45,6.53,0.497
CUST0456,95.91,6.39,0.998
CUST0457,84.75,6.27,0.629
CUST0458,107.78,5.39,0.539
CUST0459,119.13,3.7,0.6
CUST0460,91.68,6.76,0.123
CUST0461,109.86,4.88,0.956
CUST0462,102.51,5.45,0.493
CUST0463,86.09,6.65,0.65
CUST0464,113.76,6.46,0.339
CUST0465,88.88,5.87,0.412
CUST0466,91.34,5.06,0.956
CUST0467,97.34,7.61,0.393
CUST0468,101.42,5.84,0.899
CUST0469,113.68,6.69,0.311
CUST0470,97.96,7.33,0.314
CUST0471,99.1,4.14,0.753
CUST0472,84.51,5.61,0.292
CUST0473,116.42,6.85,0.975
CUST0474,92.48,5.03,0.891
CUST0475,96.81,7.91,0.42
CUST0476,110.8,6.54,0.723
CUST0477,92.41,5.84,0.332
CUST0478,88.19,4.58,0.212
CUST0479,102.04,4.47,0.155
CUST0480,102.02,6.25,0.854
CUST0481,84.29,6.12,0.567
CUST0482,114.58,6.42,0.634
CUST0483,83.54,3.1,0.857
CUST0484,117.3,4.33,0.892
CUST0485,117.73,7.59,0.299
CUST0486,116.54,7.59,0.774
CUST0487,114.27,6.08,0.329
CUST0488,109.86,6.62,0.797
CUST0489,111.93,3.47,0.911
CUST0490,92.69,6.72,0.833
CUST0491,84.17,5.77,0.863
CUST0492,95.37,6.12,0.911
CUST0493,85.38,6.4,0.426
CUST0494,112.51,7.32,0.507
CUST0495,81.92,3.92,0.591
CUST0496,119.9,4.7,0.998
CUST0497,97.64,5.11,0.676
CUST0498,119.62,4.56,0.773
CUST0499,106.68,7.58,0.818
CUST0500,118.1,7.61,0.625
CUST0501,102.67,7.5,0.742
CUST0502,106.66,5.66,0.318
CUST0503,115.46,3.69,0.834
CUST0504,90.56,3.97,0.441
CUST0505,86.49,6.37,0.493
CUST0506,117.26,4.12,0.762
CUST0507,99.95,3.87,0.242
CUST0508,81.6,6.05,0.147
CUST0509,91.44,7.78,0.622
CUST0510,91.59,6.03,0.128
CUST0511,85.02,3.07,0.86
CUST0512,117.72,5.94,0.826
CUST0513,87.93,6.38,0.986
CUST0514,101.28,3.58,0.485
CUST0515,82.06,6.7,0.291
CUST0516,106.86,3.9,0.961
CUST0517,117.51,7.34,0.548
CUST0518,101.26,7.97,0.637
CUST0519,105.63,3.19,0.833
CUST0520,113.73,5.57,0.242
CUST0521,108.93,5.52,0.195
CUST0522,87.98,5.47,0.637
CUST0523,81.58,3.81,0.943
CUST0524,119.17,5.07,0.357
CUST0525,102.42,7.74,0.636
CUST0526,111.08,7.35,0.946
CUST0527,96.9,4.46,0.347
CUST0528,95.34,4.04,0.937
CUST0529,87.41,8.0,0.567
CUST0530,114.24,5.65,0.104
CUST0531,113.17,7.2,0.435
CUST0532,84.23,6.33,0.495
CUST0533,98.96,7.53,0.394
CUST0534,104.98,5.53,0.384
CUST0535,116.91,5.84,0.478
CUST0536,93.08,7.44,0.818
CUST0537,101.38,3.61,0.966
CUST0538,96.29,4.39,0.606
CUST0539,88.21,6.99,0.631
CUST0540,97.92,3.69,0.613
CUST0541,82.64,6.35,0.377
CUST0542,115.32,6.06,0.897
CUST0543,112.85,7.8,0.632
CUST0544,95.47,4.43,0.387
CUST0545,97.0,6.98,0.91
CUST0546,100.31,7.63,0.164
CUST0547,111.44,5.63,0.228
CUST0548,119.44,4.32,0.608
CUST0549,86.61,6.87,0.955
CUST0550,115.02,4.29,0.823
CUST0551,89.56,6.55,0.449
CUST0552,115.33,4.43,0.524
CUST0553,87.03,6.33,0.765
CUST0554,102.18,3.14,0.437
CUST0555,108.58,5.24,0.194
CUST0556,108.7,5.64,0.884
CUST0557,101.89,5.39,0.618
CUST0558,119.81,6.89,0.839
CUST0559,105.41,4.67,0.32
CUST0560,112.53,3.43,0.942
CUST0561,88.88,3.17,0.735
CUST0562,83.96,7.3,0.162
CUST0563,107.81,7.87,0.266
CUST0564,102.01,4.95,0.634
CUST0565,87.69,5.8,0.73
CUST0566,86.72,7.62,0.497
CUST0567,117.31,3.36,0.363
CUST0568,81.13,4.9,0.354
CUST0569,94.57,4.61,0.171
CUST0570,80.27,7.23,0.795
CUST0571,91.42,4.46,0.73
CUST0572,113.35,3.38,0.955
CUST0573,90.76,5.77,0.706
CUST0574,91.88,5.26,0.572
CUST0575,95.05,4.54,0.406
CUST0576,108.48,3.24,0.386
CUST0577,88.74,4.57,0.626
CUST0578,98.29,3.66,0.314
CUST0579,81.13,4.06,0.537
CUST0580,96.48,5.72,0.691
CUST0581,82.35,3.76,0.201
CUST0582,92.96,4.66,0.552
CUST0583,84.05,6.51,0.726
CUST0584,118.96,6.24,0.935
CUST0585,80.6,3.89,0.288
CUST0586,104.14,7.26,0.947
CUST0587,83.15,6.1,0.642
CUST0588,95.07,5.42,0.567
CUST0589,111.7,3.14,0.979
CUST0590,90.8,6.39,0.184
CUST0591,113.88,6.36,0.66
CUST0592,98.55,6.33,0.335
CUST0593,85.87,5.49,0.303
CUST0594,89.38,3.27,0.67
CUST0595,98.02,4.06,0.283
CUST0596,114.87,5.46,0.859
CUST0597,85.41,6.62,0.252
CUST0598,87.82,5.64,0.191
CUST0599,100.5,4.95,0.952
CUST0600,112.23,7.63,0.359
CUST0601,111.43,6.3,0.233
CUST0602,106.78,5.88,0.14
CUST0603,86.64,5.45,0.356
CUST0604,105.57,3.35,0.508
CUST0605,112.06,5.22,0.849
CUST0606,103.56,4.67,0.575
CUST0607,104.24,6.33,0.229
CUST0608,115.69,6.41,0.983
CUST0609,81.73,6.11,0.579
CUST0610,84.23,6.19,0.929
CUST0611,113.31,4.67,0.145
CUST0612,92.76,7.04,0.314
CUST0613,103.28,5.73,0.878
CUST0614,94.5,4.44,0.25
CUST0615,93.87,6.68,0.447
CUST0616,109.15,5.37,0.608
CUST0617,90.93,5.61,0.953
CUST0618,100.56,4.65,0.259
CUST0619,112.18,3.3,0.456
CUST0620,119.26,4.82,0.751
CUST0621,81.75,6.22,0.347
CUST0622,98.51,4.49,0.969
CUST0623,102.57,5.0,0.679
CUST0624,87.47,3.21,0.4
CUST0625,104.05,7.7,0.441
CUST0626,106.96,3.49,0.667
CUST0627,114.67,3.7,0.564
CUST0628,115.45,3.4,0.133
CUST0629,110.8,7.46,0.136
CUST0630,97.06,3.87,0.625
CUST0631,105.1,5.71,0.79
CUST0632,102.33,5.08,0.925
CUST0633,81.42,6.81,0.787
CUST0634,84.36,7.96,0.709
CUST0635,114.96,7.63,0.701
CUST0636,95.92,6.53,0.415
CUST0637,97.72,5.78,0.376
CUST0638,102.33,3.26,0.592
CUST0639,89.47,6.28,0.863
CUST0640,107.54,5.44,0.745
CUST0641,102.5,7.55,0.962
CUST0642,82.01,3.73,0.121
CUST0643,108.93,3.51,0.976
CUST0644,101.79,7.58,0.264
CUST0645,101.34,5.97,0.831
CUST0646,119.74,6.05,0.161
CUST0647,88.25,5.06,0.533
CUST0648,92.92,3.05,0.506
CUST0649,107.2,4.68,0.514
CUST0650,90.47,3.3,0.947
CUST0651,118.6,4.35,0.49
CUST0652,112.68,7.44,0.941
CUST0653,91.84,6.86,0.862
CUST0654,118.27,5.48,0.657
CUST0655,107.56,3.94,0.201
CUST0656,96.05,4.35,0.167
CUST0657,118.52,5.77,0.77
CUST0658,90.59,4.85,0.935
CUST0659,110.56,6.0,0.665
CUST0660,105.29,6.02,0.676
CUST0661,111.09,3.42,0.774
CUST0662,98.83,6.39,0.568
CUST0663,100.73,5.42,0.375
CUST0664,80.56,6.47,0.673
CUST0665,110.69,3.79,0.121
CUST0666,83.06,5.76,0.647
CUST0667,94.87,3.0,0.641
CUST0668,94.59,6.98,0.672
CUST0669,116.63,5.84,0.695
CUST0670,87.97,3.31,0.236
CUST0671,116.75,4.51,0.309
CUST0672,84.56,5.04,0.632
CUST0673,109.91,4.68,0.175
CUST0674,85.84,4.42,0.431
CUST0675,114.9,7.85,0.504
CUST0676,107.36,4.37,0.468
CUST0677,118.35,7.65,0.654
CUST0678,82.54,5.6,0.743
CUST0679,89.95,3.89,0.469
CUST0680,101.69,3.48,0.795
CUST0681,88.65,7.66,0.945
CUST0682,86.33,6.25,0.852
CUST0683,113.86,3.22,0.456
CUST0684,107.99,4.44,0.684
CUST0685,90.93,4.24,0.849
CUST0686,95.54,7.5,0.905
CUST0687,111.2,6.92,0.98
CUST0688,103.75,3.1,0.95
CUST0689,97.19,3.02,0.674
CUST0690,111.66,4.25,0.75
CUST0691,82.74,6.82,0.222
CUST0692,94.64,3.61,0.554
CUST0693,98.37,3.27,0.382
CUST0694,113.36,5.43,0.934
CUST0695,100.93,6.25,0.815
CUST0696,117.62,5.8,0.147
CUST0697,83.09,3.41,0.261
CUST0698,119.97,4.02,0.416
CUST0699,119.59,6.5,0.316
CUST0700,112.35,3.8,0.818
CUST0701,115.01,3.32,0.551
CUST0702,114.64,5.36,0.686
CUST0703,86.05,6.32,0.145
CUST0704,117.17,4.55,0.36
CUST0705,107.03,4.31,0.615
CUST0706,103.88,5.56,0.674
CUST0707,119.55,5.44,0.118
CUST0708,90.17,5.65,0.95
CUST0709,119.72,3.74,0.655
CUST0710,119.84,5.87,0.5
CUST0711,116.74,6.8,0.356
CUST0712,89.93,3.05,0.738
CUST0713,80.35,6.39,0.757
CUST0714,97.05,7.51,0.233
CUST0715,116.56,7.66,0.869
CUST0716,111.62,4.94,0.929
CUST0717,89.45,6.83,0.699
CUST0718,94.17,7.58,0.52
CUST0719,100.01,4.59,0.868
CUST0720,95.79,7.92,0.449
CUST0721,116.73,7.61,0.504
CUST0722,96.95,4.2,0.249
CUST0723,91.13,5.82,0.395
CUST0724,98.48,5.57,0.765
CUST0725,104.3,3.99,0.96
CUST0726,101.22,7.88,0.632
CUST0727,114.46,3.26,0.892
CUST0728,92.4,4.04,0.243
CUST0729,118.74,7.79,0.51
CUST0730,110.71,3.13,0.11
CUST0731,92.33,3.83,0.247
CUST0732,107.87,7.32,0.4
CUST0733,119.9,7.81,0.175
CUST0734,117.3,4.45,0.255
CUST0735,107.22,3.1,0.495
CUST0736,87.03,3.26,0.132
CUST0737,90.35,6.21,0.163
CUST0738,95.16,6.7,0.732
CUST0739,105.42,5.98,0.646
CUST0740,100.68,7.92,0.579
CUST0741,95.72,4.12,0.31
CUST0742,92.37,7.31,0.536
CUST0743,85.99,4.61,0.702
CUST0744,109.84,3.63,0.398
CUST0745,90.48,4.03,0.676
CUST0746,84.04,4.57,0.745
CUST0747,90.09,3.82,0.256
CUST0748,84.23,6.18,0.884
CUST0749,112.0,4.49,0.63
CUST0750,90.1,4.01,0.546
CUST0751,85.76,5.56,0.363
CUST0752,91.1,6.55,0.261
CUST0753,117.08,5.09,0.793
CUST0754,104.5,3.61,0.699
CUST0755,112.77,6.2,0.136
CUST0756,116.5,3.39,0.482
CUST0757,115.32,5.63,0.17
CUST0758,110.22,3.29,0.227
CUST0759,95.99,6.21,0.214
CUST0760,102.41,5.89,0.521
CUST0761,93.37,6.87,0.308
CUST0762,91.63,3.33,0.962
CUST0763,100.97,6.82,0.48
CUST0764,86.95,5.66,0.901
CUST0765,114.36,5.94,0.206
CUST0766,100.36,4.7,0.99
CUST0767,115.83,6.92,0.937
CUST0768,84.5,3.91,0.273
CUST0769,86.43,4.29,0.294
CUST0770,98.02,6.79,0.133
CUST0771,105.09,5.02,0.221
CUST0772,106.08,7.73,0.822
CUST0773,116.28,5.28,0.292
CUST0774,112.99,4.58,0.85
CUST0775,108.07,4.59,0.178
CUST0776,101.28,5.11,0.421
CUST0777,99.59,3.99,0.825
CUST0778,102.13,3.77,0.659
CUST0779,112.49,7.22,0.514
CUST0780,91.62,4.64,0.992
CUST0781,115.36,5.21,0.306
CUST0782,94.96,7.27,0.44
CUST0783,91.95,6.51,0.526
CUST0784,113.49,7.63,0.325
CUST0785,107.36,5.52,0.303
CUST0786,109.72,6.86,0.457
CUST0787,113.52,3.06,0.214
CUST0788,97.28,5.46,0.557
CUST0789,100.36,4.63,0.668
CUST0790,101.36,6.45,0.794
CUST0791,97.79,4.02,0.27
CUST0792,87.72,4.52,0.622
CUST0793,85.3,6.06,0.976
CUST0794,91.92,5.88,0.144
CUST0795,119.62,4.05,0.202
CUST0796,82.52,7.13,0.384
CUST0797,106.44,7.58,0.158
CUST0798,102.04,3.13,0.507
CUST0799,84.92,4.03,0.412
CUST0800,104.14,6.07,0.418
CUST0801,88.2,3.04,0.306
CUST0802,105.77,4.33,0.529
CUST0803,109.66,6.08,0.36
CUST0804,117.59,5.7,0.722
CUST0805,104.38,3.01,0.307
CUST0806,115.22,4.93,0.929
CUST0807,85.87,6.69,0.887
CUST0808,114.66,7.42,0.738
CUST0809,86.46,7.92,0.661
CUST0810,90.94,4.24,0.336
CUST0811,112.32,3.04,0.632
CUST0812,104.64,4.28,0.325
CUST0813,101.57,6.28,0.347
CUST0814,112.13,4.7,0.668
CUST0815,90.92,6.34,0.908
CUST0816,117.07,7.62,0.481
CUST0817,90.92,6.17,0.898
CUST0818,89.59,3.56,0.289
CUST0819,95.1,6.09,0.521
CUST0820,109.8,4.76,0.585
CUST0821,96.49,3.66,0.744
CUST0822,109.4,7.12,0.473
CUST0823,115.54,7.4,0.611
CUST0824,119.77,4.07,0.355
CUST0825,114.47,5.68,0.669
CUST0826,114.14,4.66,0.579
CUST0827,96.87,5.59,0.939
CUST0828,91.12,4.24,0.502
CUST0829,114.78,3.51,0.466
CUST0830,119.24,5.91,0.61
CUST0831,91.25,3.5,0.81
CUST0832,117.24,5.28,0.687
CUST0833,105.48,4.87,0.193
CUST0834,101.33,7.43,0.656
CUST0835,99.38,4.76,0.546
CUST0836,119.52,4.32,0.864
CUST0837,92.35,5.98,0.215
CUST0838,83.06,3.08,0.692
CUST0839,104.19,7.27,0.916
CUST0840,105.9,3.27,0.927
CUST0841,101.5,7.51,0.595
CUST0842,109.78,5.64,0.347
CUST0843,81.83,5.52,0.22
CUST0844,117.35,6.4,0.972
CUST0845,102.31,6.51,0.152
CUST0846,81.96,5.07,0.306
CUST0847,119.72,5.05,0.169
CUST0848,81.29,6.43,0.93
CUST0849,111.6,5.42,0.417
CUST0850,98.18,6.14,0.668
CUST0851,93.2,4.77,0.334
CUST0852,102.84,5.82,0.252
CUST0853,96.83,7.18,0.535
CUST0854,86.31,5.05,0.367
CUST0855,96.95,4.94,0.555
CUST0856,107.91,4.33,0.791
CUST0857,117.44,5.86,0.878
CUST0858,107.54,7.44,0.174
CUST0859,112.68,3.13,0.2
CUST0860,111.14,5.18,0.2
CUST0861,80.18,6.71,0.656
CUST0862,119.08,5.38,0.279
CUST0863,112.72,7.74,0.828
CUST0864,92.87,4.62,0.889
CUST0865,112.07,6.8,0.167
CUST0866,91.77,6.31,0.517
CUST0867,85.41,5.45,0.745
CUST0868,88.69,3.44,0.398
CUST0869,83.17,6.07,0.3
CUST0870,98.65,4.42,0.755
CUST0871,106.5,7.04,0.488
CUST0872,101.37,3.5,0.543
CUST0873,100.94,5.21,0.961
CUST0874,94.37,5.24,0.494
CUST0875,100.83,6.24,0.809
CUST0876,95.27,3.21,0.496
CUST0877,98.16,6.19,0.555
CUST0878,94.37,3.22,0.353
CUST0879,118.02,4.31,0.834
CUST0880,113.57,5.69,0.964
CUST0881,87.59,7.67,0.621
CUST0882,101.53,6.79,0.38
CUST0883,117.63,6.04,0.68
CUST0884,103.38,6.9,0.258
CUST0885,90.49,3.33,0.387
CUST0886,105.67,4.22,0.455
CUST0887,90.9,7.1,0.436
CUST0888,113.25,6.38,0.948
CUST0889,112.37,4.89,0.872
CUST0890,105.93,6.14,0.467
CUST0891,111.29,3.31,0.955
CUST0892,86.49,4.44,0.485
CUST0893,89.42,6.52,0.568
CUST0894,93.16,4.84,0.449
CUST0895,83.83,5.59,0.939
CUST0896,112.74,5.88,0.857
CUST0897,104.86,6.51,0.141
CUST0898,80.05,3.28,0.475
CUST0899,93.27,5.86,0.965
CUST0900,105.66,7.52,0.903
CUST0901,107.22,3.0,0.397
CUST0902,108.39,3.09,0.474
CUST0903,116.75,7.97,0.616
CUST0904,84.8,4.9,0.761
CUST0905,95.32,5.69,0.413
CUST0906,88.18,4.79,0.986
CUST0907,113.09,7.3,0.693
CUST0908,81.51,5.31,0.266
CUST0909,86.83,4.66,0.583
CUST0910,99.45,6.89,0.296
CUST0911,81.6,4.91,0.384
CUST0912,100.11,8.0,0.939
CUST0913,119.43,5.08,0.188
CUST0914,117.09,6.13,0.336
CUST0915,87.63,4.54,0.365
CUST0916,97.33,5.33,0.725
CUST0917,96.78,5.51,0.985
CUST0918,85.81,5.0,0.262
CUST0919,114.57,4.98,0.327
CUST0920,107.48,6.02,0.893
CUST0921,117.68,7.54,0.98
CUST0922,112.61,5.17,0.903
CUST0923,98.61,4.26,0.863
CUST0924,92.51,3.16,0.978
CUST0925,100.85,7.77,0.455
CUST0926,106.74,4.07,0.709
CUST0927,95.42,4.94,0.966
CUST0928,90.71,4.8,0.525
CUST0929,115.37,4.67,0.16
CUST0930,104.76,7.1,0.705
CUST0931,105.05,3.89,0.325
CUST0932,103.22,4.69,0.734
CUST0933,114.36,7.29,0.239
CUST0934,108.05,3.76,0.123
CUST0935,102.48,6.69,0.723
CUST0936,102.07,5.03,0.699
CUST0937,119.65,3.38,0.347
CUST0938,98.83,5.2,0.687
CUST0939,101.42,7.71,0.26
CUST0940,108.51,4.26,0.267
CUST0941,119.93,5.67,0.347
CUST0942,101.87,7.42,0.932
CUST0943,109.89,4.01,0.868
CUST0944,87.02,7.26,0.271
CUST0945,114.05,7.54,0.824
CUST0946,94.76,6.12,0.694
CUST0947,106.37,5.43,0.429
CUST0948,98.55,4.43,0.195
CUST0949,109.78,4.68,0.253
CUST0950,82.57,5.22,0.99
CUST0951,88.49,5.39,0.788
CUST0952,102.49,6.71,0.623
CUST0953,111.41,5.05,0.87
CUST0954,106.68,6.81,0.198
CUST0955,99.76,4.76,0.336
CUST0956,96.52,7.48,0.884
CUST0957,85.89,4.5,0.73
CUST0958,113.74,5.25,0.4
CUST0959,84.84,6.94,0.943
CUST0960,117.77,7.2,0.329
CUST0961,92.47,3.22,0.989
CUST0962,115.18,6.86,0.541
CUST0963,100.54,7.88,0.528
CUST0964,80.12,6.28,0.829
CUST0965,104.97,5.46,0.238
CUST0966,80.17,3.19,0.284
CUST0967,88.05,5.45,0.795
CUST0968,108.08,7.39,0.691
CUST0969,80.0,3.76,0.575
CUST0970,114.85,7.7,0.204
CUST0971,88.66,4.95,0.326
CUST0972,109.16,5.73,0.383
CUST0973,94.44,4.51,0.908
CUST0974,115.4,3.21,0.688
CUST0975,101.57,6.74,0.635
CUST0976,91.63,3.44,0.73
CUST0977,114.81,6.16,0.781
CUST0978,92.7,3.33,0.849
CUST0979,85.3,7.39,0.325
CUST0980,114.44,6.4,0.164
CUST0981,111.78,5.04,0.91
CUST0982,106.84,6.55,0.408
CUST0983,112.49,4.96,0.745
CUST0984,107.17,5.96,0.368
CUST0985,115.97,3.54,0.186
CUST0986,85.42,3.09,0.713
CUST0987,108.16,4.09,0.412
CUST0988,107.64,7.64,0.129
CUST0989,107.24,3.47,0.383
CUST0990,89.47,7.06,0.624
CUST0991,97.97,6.52,0.791
CUST0992,107.49,4.02,0.163
CUST0993,108.86,5.36,0.808
CUST0994,103.44,6.19,0.211
CUST0995,86.49,7.94,0.964
CUST0996,119.37,4.74,0.409
CUST0997,90.09,7.28,0.944
CUST0998,111.62,4.02,0.671
CUST0999,112.0,4.39,0.218
CUST1000,98.49,7.56,0.541
